case.nr,independent.effect.id,study,year,journal,taxon.for.plot,species.english,species.latin,sample.size.control,mean.control,sd.control,sample.size.noise.1,mean.noise,sd.noise
31,8.1,Kaiser.et.al.2011,2011,Behaviour,amphibia,Morlets.tree.frog,Agalychnis.moreletii,11,4.27,3.64,11,4.22,3.25
32,8.2,Kaiser.et.al.2011,2011,Behaviour,amphibia,painted.tree.frog,Tlalocohyla.picta,14,35.23,44.72,14,37.21,24.24
33,8.3,Kaiser.et.al.2011,2011,Behaviour,amphibia,Gulf.coast.toad,Incilius.valliceps,9,2.96,1.57,9,4.79,1.31
34,8.4,Kaiser.et.al.2011,2011,Behaviour,amphibia,red.eyed.tree.frog,Agalychnis.callidryas,12,1.32,1.36,12,2.38,1.76
35,8.5,Kaiser.et.al.2011,2011,Behaviour,amphibia,yellow.treefrog,Dendropsophus.microcephalus,39,15.54,18.39,39,19.79,7.04
36,8.6,Kaiser.et.al.2011,2011,Behaviour,amphibia,mahogany.tree.frog,Tlalocohyla.loquax,12,30.13,54.71,12,69.11,40.39
37,8.7,Kaiser.et.al.2011,2011,Behaviour,amphibia,hourglass.frog,Dendropsophus.ebraccatus,13,13.19,14.25,13,14.62,5.20
43,11.1,Cunnington.and.Fahring.2010,2010,Acta.Oecologica,amphibia,American.toad,Bufo.americanus,14,1.99,0.94,14,1.70,1.14
44,11.1,Cunnington.and.Fahring.2010,2010,Acta.Oecologica,amphibia,American.toad,Bufo.americanus,14,76.34,7.04,14,81.55,5.80
45,11.1,Cunnington.and.Fahring.2010,2010,Acta.Oecologica,amphibia,American.toad,Bufo.americanus,14,1457.70,20.74,14,1451.10,28.88
46,11.2,Cunnington.and.Fahring.2010,2010,Acta.Oecologica,amphibia,gray.treefrog,Hyla.versicolor,11,18.63,2.63,11,11.14,2.52
47,11.2,Cunnington.and.Fahring.2010,2010,Acta.Oecologica,amphibia,gray.treefrog,Hyla.versicolor,11,80.59,5.09,11,87.21,6.50
48,11.2,Cunnington.and.Fahring.2010,2010,Acta.Oecologica,amphibia,gray.treefrog,Hyla.versicolor,11,1995.30,57.18,11,1935.00,29.92
49,11.3,Cunnington.and.Fahring.2010,2010,Acta.Oecologica,amphibia,green.frog,Rana.clamitans,25,5.28,2.23,25,2.25,1.02
50,11.3,Cunnington.and.Fahring.2010,2010,Acta.Oecologica,amphibia,green.frog,Rana.clamitans,25,75.03,2.39,25,66.10,2.95
51,11.3,Cunnington.and.Fahring.2010,2010,Acta.Oecologica,amphibia,green.frog,Rana.clamitans,25,474.32,35.55,25,726.00,51.66
52,11.4,Cunnington.and.Fahring.2010,2010,Acta.Oecologica,amphibia,northern.leopard.frog,Rana.pipiens,17,2.30,0.52,17,0.70,0.03
53,11.4,Cunnington.and.Fahring.2010,2010,Acta.Oecologica,amphibia,northern.leopard.frog,Rana.pipiens,17,74.99,5.38,17,62.36,1.21
54,11.4,Cunnington.and.Fahring.2010,2010,Acta.Oecologica,amphibia,northern.leopard.frog,Rana.pipiens,17,842.27,15.18,17,1202.10,21.70
137,28.1,Lengagne.2008,2008,Biological.Conservation,amphibia,Hyla.arborea,Hyla.arborea,21,12.90,8.25,21,6.60,5.50
138,28.1,Lengagne.2008,2008,Biological.Conservation,amphibia,Hyla.arborea,Hyla.arborea,21,3.53,1.97,21,0.69,1.42
139,28.1,Lengagne.2008,2008,Biological.Conservation,amphibia,Hyla.arborea,Hyla.arborea,21,3.80,2.25,21,1.63,2.20
140,28.1,Lengagne.2008,2008,Biological.Conservation,amphibia,Hyla.arborea,Hyla.arborea,14,19.40,8.98,14,8.30,8.61
141,28.1,Lengagne.2008,2008,Biological.Conservation,amphibia,Hyla.arborea,Hyla.arborea,14,10.66,4.53,14,5.57,4.53
142,28.1,Lengagne.2008,2008,Biological.Conservation,amphibia,Hyla.arborea,Hyla.arborea,14,1.71,0.56,14,1.11,0.97
162,31.1,Cunnington.and.Fahring.2013,2013,Amimal.Conservation,amphibia,gray.treefrog,Hyla.versicolor,12,0.64,0.58,12,0.60,0.61
163,31.1,Cunnington.and.Fahring.2013,2013,Amimal.Conservation,amphibia,gray.treefrog,Hyla.versicolor,12,0.57,0.61,12,0.12,0.20
164,31.2,Cunnington.and.Fahring.2013,2013,Amimal.Conservation,amphibia,green.frog,Rana.clamitans,12,0.65,0.47,12,0.43,0.41
165,31.2,Cunnington.and.Fahring.2013,2013,Amimal.Conservation,amphibia,green.frog,Rana.clamitans,12,0.50,0.51,12,0.08,0.19
166,31.3,Cunnington.and.Fahring.2013,2013,Amimal.Conservation,amphibia,American.toad,Bufo.americanus,8,0.30,0.46,8,0.29,0.46
167,31.3,Cunnington.and.Fahring.2013,2013,Amimal.Conservation,amphibia,American.toad,Bufo.americanus,8,0.59,0.61,8,0.31,0.50
237,54.1,Kaiser.and.Hammers.2009,2009,Behaviour,amphibia,triangle.treefrog,Dendropsophus.triangulum,22,0.47349,0.21,22,0.76,0.36
265,66.1,Lukanov.et.al.2014,2014,North-West.J.Zool,amphibia,marsh.frog,Pelophylax.ridibundus,25,487.28,321.96,25,201.48,201.43
266,66.1,Lukanov.et.al.2014,2014,North-West.J.Zool,amphibia,marsh.frog,Pelophylax.ridibundus,25,7.04,4.82,25,2.80,3.57
267,66.1,Lukanov.et.al.2014,2014,North-West.J.Zool,amphibia,marsh.frog,Pelophylax.ridibundus,25,3.12,3.73,25,1.28,1.74
268,66.1,Lukanov.et.al.2014,2014,North-West.J.Zool,amphibia,marsh.frog,Pelophylax.ridibundus,25,3.88,3.02,25,2.60,2.68
269,67.1,Penna.and.Toloza.2014,2014,Ethology,amphibia,NA,Batrachyla.leptopus,15,0.16327,0.14,15,0.26,0.24
270,67.1,Penna.and.Toloza.2014,2014,Ethology,amphibia,NA,Batrachyla.leptopus,15,0.61717,0.21,15,0.61,0.20
271,68.1,Troianowski.et.al.2015,2015,Behaviour,amphibia,European.treefrog,Hyla.arborea,32,66.4,256.93,32,227.50,259.42
272,69.1,Kaiser.et.al.2015,2015,Conserv.Physiol,amphibia,Whites.treefrog,Litoria.caerulea,9,2060.5,918.90,10,4100.80,2840.36
273,69.1,Kaiser.et.al.2015,2015,Conserv.Physiol,amphibia,Whites.treefrog,Litoria.caerulea,9,5.7,2.37,10,2.40,2.21
274,69.1,Kaiser.et.al.2015,2015,Conserv.Physiol,amphibia,Whites.treefrog,Litoria.caerulea,9,86.9,4.50,9,63.70,23.70
346,80.1,Hanna.et.al.2014,2014,Current.Zoology,amphibia,spring.peeper,Pseudacris.crucifer,26,155.37,24.93,26,133.96,20.29
347,80.1,Hanna.et.al.2014,2014,Current.Zoology,amphibia,spring.peeper,Pseudacris.crucifer,37,40.639,8.18,37,36.60,8.64
348,80.1,Hanna.et.al.2014,2014,Current.Zoology,amphibia,spring.peeper,Pseudacris.crucifer,26,2867.1,94.33,26,2850.40,108.61
369,92.1,Caorsi.et.al.2017,2017,Plos.One,amphibia,Bischoff's.tree.frog,Hypsiboas.bischoffi,19,0.9,1.743559577,19,0.9,1.307669683
370,92.1,Caorsi.et.al.2017,2017,Plos.One,amphibia,Bischoff's.tree.frog,Hypsiboas.bischoffi,19,5.90,5.666568627,19,5.2,6.102458521
371,92.1,Caorsi.et.al.2017,2017,Plos.One,amphibia,Bischoff's.tree.frog,Hypsiboas.bischoffi,14,0.07,0.074833148,14,0.09,0.074833148
372,92.1,Caorsi.et.al.2017,2017,Plos.One,amphibia,Bischoff's.tree.frog,Hypsiboas.bischoffi,14,0.05,0.022449944,14,0.05,0.026191602
373,92.1,Caorsi.et.al.2017,2017,Plos.One,amphibia,Bischoff's.tree.frog,Hypsiboas.bischoffi,14,1685,246.9493875,14,1672,168.3745824
374,92.2,Caorsi.et.al.2017,2017,Plos.One,amphibia,fine-lined.tree.frog,Hypsiboas.leptolineatus,23,0.9,1.438749457,23,1.4,1.918332609
375,92.2,Caorsi.et.al.2017,2017,Plos.One,amphibia,fine-lined.tree.frog,Hypsiboas.leptolineatus,23,16.2,21.1016587,23,15.8,20.1424924
376,92.2,Caorsi.et.al.2017,2017,Plos.One,amphibia,fine-lined.tree.frog,Hypsiboas.leptolineatus,20,0.18,0.089442719,20,0.22,0.089442719
377,92.2,Caorsi.et.al.2017,2017,Plos.One,amphibia,fine-lined.tree.frog,Hypsiboas.leptolineatus,20,0.06,0.02236068,20,0.06,0.017888544
378,92.2,Caorsi.et.al.2017,2017,Plos.One,amphibia,fine-lined.tree.frog,Hypsiboas.leptolineatus,20,4222,241.4953416,20,4196,223.6067977
379,92.2,Caorsi.et.al.2017,2017,Plos.One,amphibia,fine-lined.tree.frog,Hypsiboas.leptolineatus,20,0.08,0.02236068,20,0.08,0.02236068
380,92.2,Caorsi.et.al.2017,2017,Plos.One,amphibia,fine-lined.tree.frog,Hypsiboas.leptolineatus,23,2.4,3.357082066,23,1.8,2.877498914
381,92.2,Caorsi.et.al.2017,2017,Plos.One,amphibia,fine-lined.tree.frog,Hypsiboas.leptolineatus,23,13.8,16.78541033,23,11.7,24.45874077
382,92.2,Caorsi.et.al.2017,2017,Plos.One,amphibia,fine-lined.tree.frog,Hypsiboas.leptolineatus,20,0.19,0.089442719,20,0.18,0.089442719
383,92.2,Caorsi.et.al.2017,2017,Plos.One,amphibia,fine-lined.tree.frog,Hypsiboas.leptolineatus,20,0.07,0.031304952,20,0.07,0.031304952
384,92.2,Caorsi.et.al.2017,2017,Plos.One,amphibia,fine-lined.tree.frog,Hypsiboas.leptolineatus,20,4150,228.0789337,20,4207,268.3281573
385,92.2,Caorsi.et.al.2017,2017,Plos.One,amphibia,fine-lined.tree.frog,Hypsiboas.leptolineatus,20,0.09,0.089442719,20,0.08,0.04472136
386,92.1,Caorsi.et.al.2017,2017,Plos.One,amphibia,Bischoff's.tree.frog,Hypsiboas.bischoffi,19,1,1.743559577,19,0.7,1.743559577
387,92.1,Caorsi.et.al.2017,2017,Plos.One,amphibia,Bischoff's.tree.frog,Hypsiboas.bischoffi,19,9.60,7.410128204,19,2.9,6.97423831
388,92.1,Caorsi.et.al.2017,2017,Plos.One,amphibia,Bischoff's.tree.frog,Hypsiboas.bischoffi,14,0.1,0.074833148,14,0.16,0.187082869
389,92.1,Caorsi.et.al.2017,2017,Plos.One,amphibia,Bischoff's.tree.frog,Hypsiboas.bischoffi,14,0.06,0.01496663,14,0.06,0.018708287
390,92.1,Caorsi.et.al.2017,2017,Plos.One,amphibia,Bischoff's.tree.frog,Hypsiboas.bischoffi,14,1769,134.6996659,14,1746,175.8578972
410,72.1,Medeiros.et.al.2017,2017,Biol.Invasions,amphibia,Bischoff's.tree.frog,Hypsiboas.bischoffi,18,13.657,12.76610583,18,16.284,11.80741611
411,72.1,Medeiros.et.al.2017,2017,Biol.Invasions,amphibia,Bischoff's.tree.frog,Hypsiboas.bischoffi,18,1774.6,199.4041123,18,1810,2054.879778
412,72.1,Medeiros.et.al.2017,2017,Biol.Invasions,amphibia,Bischoff's.tree.frog,Hypsiboas.bischoffi,18,0.0777,0.027577164,18,0.0846,0.001861509
413,72.1,Medeiros.et.al.2017,2017,Biol.Invasions,amphibia,Bischoff's.tree.frog,Hypsiboas.bischoffi,18,0.0235,0.011879394,18,0.02,0.001202082
414,72.2,Medeiros.et.al.2017,2017,Biol.Invasions,amphibia,snouted.tree.frog,Scinax.perereca,12,2899,784.6190158,12,2644.8,10666.08819
415,72.2,Medeiros.et.al.2017,2017,Biol.Invasions,amphibia,snouted.tree.frog,Scinax.perereca,12,0.3373,0.091105872,12,0.3502,0.016806466
416,72.2,Medeiros.et.al.2017,2017,Biol.Invasions,amphibia,snouted.tree.frog,Scinax.perereca,12,1.8189,2.864465626,12,3.3884,1.521940957
417,72.3,Medeiros.et.al.2017,2017,Biol.Invasions,amphibia,fine-lined.tree.frog,Hypsiboas.leptolineatus,18,24.168,34.4417571,18,35.193,57.37787138
418,72.3,Medeiros.et.al.2017,2017,Biol.Invasions,amphibia,fine-lined.tree.frog,Hypsiboas.leptolineatus,18,4074.7,31420.99693,18,4122.5,4687.088915
419,72.3,Medeiros.et.al.2017,2017,Biol.Invasions,amphibia,fine-lined.tree.frog,Hypsiboas.leptolineatus,18,4100.3,255.8312334,18,4109,2653.801357
420,72.3,Medeiros.et.al.2017,2017,Biol.Invasions,amphibia,fine-lined.tree.frog,Hypsiboas.leptolineatus,18,0.0611,0.037759502,18,0.0559,0.002482534
421,72.3,Medeiros.et.al.2017,2017,Biol.Invasions,amphibia,fine-lined.tree.frog,Hypsiboas.leptolineatus,18,3.1381,3.334291316,18,3.125,1.458584513
422,72.3,Medeiros.et.al.2017,2017,Biol.Invasions,amphibia,fine-lined.tree.frog,Hypsiboas.leptolineatus,18,4091.2,358.5031381,18,4106.6,5741.815206
423,72.3,Medeiros.et.al.2017,2017,Biol.Invasions,amphibia,fine-lined.tree.frog,Hypsiboas.leptolineatus,18,4091.6,363.5943069,18,4106.1,5799.136619
424,72.3,Medeiros.et.al.2017,2017,Biol.Invasions,amphibia,fine-lined.tree.frog,Hypsiboas.leptolineatus,18,0.0189,0.016970563,18,0.0219,0.000577147
425,72.4,Medeiros.et.al.2017,2017,Biol.Invasions,amphibia,lesser.tree.frog,Dendropsophus.minutus,18,4348.5,940.5934403,18,4579,13147.95238
426,72.4,Medeiros.et.al.2017,2017,Biol.Invasions,amphibia,lesser.tree.frog,Dendropsophus.minutus,18,4331.9,913.0162759,18,4500.9,12968.25483
427,72.4,Medeiros.et.al.2017,2017,Biol.Invasions,amphibia,lesser.tree.frog,Dendropsophus.minutus,18,0.2137,0.117521147,18,0.199,0.012802902
505,106.1,Troianowski.et.al.2014,2014,Behavioral.Processes,amphibia,European.treefrog,Hyla.arborea,25,160.42,118.18,30,161.79,142.45
59,13.1,Wale.et.al.2013_a,2013,Biology.Letters,arthropoda,shore.crab,Carcinus.maenas,17,168.61,36.34,17,236.65,58.37
64,16.1,Walsh.et.al.2017,2017,Biology.Letters,arthropoda,hermit.crab,Pagurus.bernhardus,31,390.94,599.29,33,166.04,208.44
65,16.1,Walsh.et.al.2017,2017,Biology.Letters,arthropoda,hermit.crab,Pagurus.bernhardus,31,122.16,115.74,33,68.18,61.03
66,16.1,Walsh.et.al.2017,2017,Biology.Letters,arthropoda,hermit.crab,Pagurus.bernhardus,31,134.20,219.00,33,33.74,93.36
67,16.1,Walsh.et.al.2017,2017,Biology.Letters,arthropoda,hermit.crab,Pagurus.bernhardus,31,513.93,622.00,33,228.70,244.28
86,19.1,Schmidt.et.al.2014,2014,Animal.Behaviour,arthropoda,ﬁeld.cricket,Gryllus.bimaculatus,17,0.48,0.07,17,0.37,0.08
88,20.1,Wale.et.al.2013_b,2013,Animal.Behaviour,arthropoda,shore.crab,Carcinus.maenas,11,142.67,81.06,16,175.11,126.24
91,20.1,Wale.et.al.2013_b,2013,Animal.Behaviour,arthropoda,shore.crab,Carcinus.maenas,18,17.53,12.51,16,81.08,65.48
92,20.1,Wale.et.al.2013_b,2013,Animal.Behaviour,arthropoda,shore.crab,Carcinus.maenas,16,41.88,20.40,17,1.13,0.64
98,58.1,Celi.et.al.2015,2015,Can.J.Zool,arthropoda,European.spiny.lobster,Palinurus.elephas,10,12,1,10,7,0.9
108,58.1,Celi.et.al.2015,2015,Can.J.Zool,arthropoda,European.spiny.lobster,Palinurus.elephas,10,3.98,0.6,10,9.04,1.9
109,58.1,Celi.et.al.2015,2015,Can.J.Zool,arthropoda,European.spiny.lobster,Palinurus.elephas,10,0.789,0.37,10,0.126,0.038
116,58.1,Celi.et.al.2015,2015,Can.J.Zool,arthropoda,European.spiny.lobster,Palinurus.elephas,10,41.111,29.27952886,10,8.7654,8.198521062
117,58.1,Celi.et.al.2015,2015,Can.J.Zool,arthropoda,European.spiny.lobster,Palinurus.elephas,10,8.404,9.943782102,10,38.394,35.55032546
238,55.1,Chan.et.al.2010,2010,Biology.Letters,arthropoda,Caribbean.hermit.crab,Coenobita.clypeatus,30,119.26,41.63,30,86.40,42.85
239,55.1,Chan.et.al.2010,2010,Biology.Letters,arthropoda,Caribbean.hermit.crab,Coenobita.clypeatus,30,73.932,48.53,30,43.79,32.93
240,55.1,Chan.et.al.2010,2010,Biology.Letters,arthropoda,Caribbean.hermit.crab,Coenobita.clypeatus,30,89.673,49.79,30,61.84,41.06
243,57.1,Gordon.and.Uetz.2012,2012,Behavioral.Ecology,arthropoda,wolf.spider,Schizocrosa.ocreata,20,25.816,28.88,20,16.87,20.50
244,57.1,Gordon.and.Uetz.2012,2012,Behavioral.Ecology,arthropoda,wolf.spider,Schizocrosa.ocreata,20,-8.667,8.00,20,10.67,3.33
245,57.1,Gordon.and.Uetz.2012,2012,Behavioral.Ecology,arthropoda,wolf.spider,Schizocrosa.ocreata,20,31.271,29.87,20,65.74,46.80
246,57.1,Gordon.and.Uetz.2012,2012,Behavioral.Ecology,arthropoda,wolf.spider,Schizocrosa.ocreata,20,49.693,38.83,20,97.30,80.63
290,98.1,Davis.et.al.2018,2018,Biology.Letters,arthropoda,monarch.butterfly,Danaus.plexippus,10,73.1,4.09471204,10,81.7,6.12916525
326,77.1,Filiciotto.et.al.2016,2016,J.Exp.Mari.Biol.Ecol.,arthropoda,common.prawn,Palaemon.serratus,24,0.429,0.29,24,1.04,0.51
327,77.1,Filiciotto.et.al.2016,2016,J.Exp.Mari.Biol.Ecol.,arthropoda,common.prawn,Palaemon.serratus,24,0.7188,0.11,24,1.61,0.27
328,77.1,Filiciotto.et.al.2016,2016,J.Exp.Mari.Biol.Ecol.,arthropoda,common.prawn,Palaemon.serratus,24,25.293,31.93,24,30.51,30.66
329,77.1,Filiciotto.et.al.2016,2016,J.Exp.Mari.Biol.Ecol.,arthropoda,common.prawn,Palaemon.serratus,24,12.386,27.45,24,87.87,28.77
330,77.1,Filiciotto.et.al.2016,2016,J.Exp.Mari.Biol.Ecol.,arthropoda,common.prawn,Palaemon.serratus,24,21.773,19.78,24,27.25,13.41
331,77.1,Filiciotto.et.al.2016,2016,J.Exp.Mari.Biol.Ecol.,arthropoda,common.prawn,Palaemon.serratus,24,19.426,37.05,24,69.75,65.73
349,98.2,Davis.et.al.2018,2018,Biology.Letters,arthropoda,monarch.butterfly,Danaus.plexippus,20,55.65,8.1713356,19,61.5789474,6.88247202
350,98.3,Davis.et.al.2018,2018,Biology.Letters,arthropoda,monarch.butterfly,Danaus.plexippus,31,68.0322581,10.4290743,29,71.5517241,8.89858017
351,98.4,Davis.et.al.2018,2018,Biology.Letters,arthropoda,monarch.butterfly,Danaus.plexippus,28,51.75,9.81919888,24,51.75,6.2710515
405,96.1,McMahon.et.al.2017,2017,Ecology,arthropoda,frog.biting.midge,Corothrella.spp.,10,71,56.41503346,10,22.529,35.75271123
406,96.1,McMahon.et.al.2017,2017,Ecology,arthropoda,frog.biting.midge,Corothrella.spp.,10,1.5666,0.748194894,10,1.6723,2.102282188
407,96.1,McMahon.et.al.2017,2017,Ecology,arthropoda,frog.biting.midge,Corothrella.spp.,10,0.4535,0.299467694,10,0.1218,0.170446766
428,88.1,Fitzgibbon.et.al.2017,2017,Mar.Poll.Bulletin,arthropoda,spiny.lobster,Jasus.edwardsii,11,531,50.41269681,10,538,34.15259873
429,88.1,Fitzgibbon.et.al.2017,2017,Mar.Poll.Bulletin,arthropoda,spiny.lobster,Jasus.edwardsii,11,6.77,0.530659966,10,6.75,0.790569415
430,88.1,Fitzgibbon.et.al.2017,2017,Mar.Poll.Bulletin,arthropoda,spiny.lobster,Jasus.edwardsii,11,526,42.7844598,10,530,30.80058441
431,88.1,Fitzgibbon.et.al.2017,2017,Mar.Poll.Bulletin,arthropoda,spiny.lobster,Jasus.edwardsii,11,77.5,3.747786013,10,79.3,7.90569415
432,88.1,Fitzgibbon.et.al.2017,2017,Mar.Poll.Bulletin,arthropoda,spiny.lobster,Jasus.edwardsii,11,9.96,1.160818677,10,9.41,0.600832755
433,88.1,Fitzgibbon.et.al.2017,2017,Mar.Poll.Bulletin,arthropoda,spiny.lobster,Jasus.edwardsii,11,4.44,2.255304857,10,4.64,2.877672671
434,88.1,Fitzgibbon.et.al.2017,2017,Mar.Poll.Bulletin,arthropoda,spiny.lobster,Jasus.edwardsii,11,13.3,0.63015871,10,13.3,0.379473319
435,88.1,Fitzgibbon.et.al.2017,2017,Mar.Poll.Bulletin,arthropoda,spiny.lobster,Jasus.edwardsii,11,0.21,0.099498744,10,0.21,0.063245553
436,88.1,Fitzgibbon.et.al.2017,2017,Mar.Poll.Bulletin,arthropoda,spiny.lobster,Jasus.edwardsii,11,36,8.888554438,10,35.4,6.862142523
437,88.1,Fitzgibbon.et.al.2017,2017,Mar.Poll.Bulletin,arthropoda,spiny.lobster,Jasus.edwardsii,11,0.21,0.232163735,10,0.15,0.031622777
438,88.1,Fitzgibbon.et.al.2017,2017,Mar.Poll.Bulletin,arthropoda,spiny.lobster,Jasus.edwardsii,11,0.27,0.066332496,10,0.27,0.063245553
439,88.1,Fitzgibbon.et.al.2017,2017,Mar.Poll.Bulletin,arthropoda,spiny.lobster,Jasus.edwardsii,11,0.71,0.265329983,10,0.6,0.158113883
440,88.1,Fitzgibbon.et.al.2017,2017,Mar.Poll.Bulletin,arthropoda,spiny.lobster,Jasus.edwardsii,11,0.02,0.033166248,10,0.02,0.031622777
441,88.1,Fitzgibbon.et.al.2017,2017,Mar.Poll.Bulletin,arthropoda,spiny.lobster,Jasus.edwardsii,11,0.01,0.033166248,10,0.06,0.063245553
442,88.1,Fitzgibbon.et.al.2017,2017,Mar.Poll.Bulletin,arthropoda,spiny.lobster,Jasus.edwardsii,11,28.7,10.11570561,10,32.5,8.854377448
443,88.1,Fitzgibbon.et.al.2017,2017,Mar.Poll.Bulletin,arthropoda,spiny.lobster,Jasus.edwardsii,11,0.43,0.663324958,10,0,0
444,88.1,Fitzgibbon.et.al.2017,2017,Mar.Poll.Bulletin,arthropoda,spiny.lobster,Jasus.edwardsii,11,4.71,2.122639866,10,5.25,1.549516053
445,88.1,Fitzgibbon.et.al.2017,2017,Mar.Poll.Bulletin,arthropoda,spiny.lobster,Jasus.edwardsii,11,0,0,10,0,0
446,88.1,Fitzgibbon.et.al.2017,2017,Mar.Poll.Bulletin,arthropoda,spiny.lobster,Jasus.edwardsii,11,0.57,0.994987437,10,0.63,0.822192192
447,88.1,Fitzgibbon.et.al.2017,2017,Mar.Poll.Bulletin,arthropoda,spiny.lobster,Jasus.edwardsii,11,0.14,0.464327471,10,0,0
448,88.1,Fitzgibbon.et.al.2017,2017,Mar.Poll.Bulletin,arthropoda,spiny.lobster,Jasus.edwardsii,11,0.86,0.862322445,10,0.88,0.727323862
449,88.1,Fitzgibbon.et.al.2017,2017,Mar.Poll.Bulletin,arthropoda,spiny.lobster,Jasus.edwardsii,11,12.9,8.888554438,10,12.9,5.628854235
450,88.1,Fitzgibbon.et.al.2017,2017,Mar.Poll.Bulletin,arthropoda,spiny.lobster,Jasus.edwardsii,11,0,0,10,0.13,0.411096096
474,88.1,Fitzgibbon.et.al.2017,2017,Mar.Poll.Bulletin,arthropoda,spiny.lobster,Jasus.edwardsii,11,2.1347,0.505785281,10,1.9509,0.482563571
475,88.1,Fitzgibbon.et.al.2017,2017,Mar.Poll.Bulletin,arthropoda,spiny.lobster,Jasus.edwardsii,9,2.615,1.6446,8,2.497,1.508400186
476,88.1,Fitzgibbon.et.al.2017,2017,Mar.Poll.Bulletin,arthropoda,spiny.lobster,Jasus.edwardsii,11,7.9681,0.075287383,10,8.1568,0.616011688
477,88.1,Fitzgibbon.et.al.2017,2017,Mar.Poll.Bulletin,arthropoda,spiny.lobster,Jasus.edwardsii,9,7.5944,0.078,8,7.5363,0.119642467
478,88.1,Fitzgibbon.et.al.2017,2017,Mar.Poll.Bulletin,arthropoda,spiny.lobster,Jasus.edwardsii,11,8.814,0.290867994,10,8.6371,1.109327003
479,88.1,Fitzgibbon.et.al.2017,2017,Mar.Poll.Bulletin,arthropoda,spiny.lobster,Jasus.edwardsii,9,8.8363,1.1841,8,9.0105,0.744159177
480,88.1,Fitzgibbon.et.al.2017,2017,Mar.Poll.Bulletin,arthropoda,spiny.lobster,Jasus.edwardsii,11,2.4242,0.746903903,11,2.7532,0.689194631
481,88.1,Fitzgibbon.et.al.2017,2017,Mar.Poll.Bulletin,arthropoda,spiny.lobster,Jasus.edwardsii,9,3.342,0.4155,9,3.5844,0.6753
487,101.1,Filiciotto.et.al.2014,2014,Mar.Poll.Bulletin,arthropoda,European.spiny.lobster,Palinurus.elephas,18,10600000,650000,18,7400000,710000
488,101.2,Filiciotto.et.al.2014,2014,Mar.Poll.Bulletin,arthropoda,European.spiny.lobster,Palinurus.elephas,18,59,16,18,67.7,7
489,101.3,Filiciotto.et.al.2014,2014,Mar.Poll.Bulletin,arthropoda,European.spiny.lobster,Palinurus.elephas,18,6.7,2.2,18,4.7,1.6
490,101.4,Filiciotto.et.al.2014,2014,Mar.Poll.Bulletin,arthropoda,European.spiny.lobster,Palinurus.elephas,18,34.3,11.3,18,27.6,7.9
491,101.5,Filiciotto.et.al.2014,2014,Mar.Poll.Bulletin,arthropoda,European.spiny.lobster,Palinurus.elephas,18,11000000,160000,18,6700000,900000
492,101.6,Filiciotto.et.al.2014,2014,Mar.Poll.Bulletin,arthropoda,European.spiny.lobster,Palinurus.elephas,18,62.5,12.3,18,71.2,13.5
493,101.7,Filiciotto.et.al.2014,2014,Mar.Poll.Bulletin,arthropoda,European.spiny.lobster,Palinurus.elephas,18,4.3,1.8,18,3.9,0.9
494,101.8,Filiciotto.et.al.2014,2014,Mar.Poll.Bulletin,arthropoda,European.spiny.lobster,Palinurus.elephas,18,33.2,5.4,18,24.9,6.5
495,102.1,Gurule-Small.and.Tinghitella.2018,2018,Biology.Letters,arthropoda,Pacific.field.cricket,Teleogryllus.oceanicus,42,53.935,62.64932033,44,98.202,149.6165332
496,102.1,Gurule-Small.and.Tinghitella.2018,2018,Biology.Letters,arthropoda,Pacific.field.cricket,Teleogryllus.oceanicus,42,14.567,37.76327605,44,45.512,86.05526988
1,1.1,McMullen.et.al.2014,2014,Behavioral.Processes,aves,European.robin,Erithacus.rubecula,18,2.28,0.20,18,2.79,0.24
2,1.1,McMullen.et.al.2014,2014,Behavioral.Processes,aves,European.robin,Erithacus.rubecula,18,9.36,2.16,18,7.79,1.48
3,1.1,McMullen.et.al.2014,2014,Behavioral.Processes,aves,European.robin,Erithacus.rubecula,18,2.48,0.72,18,1.86,0.38
4,1.1,McMullen.et.al.2014,2014,Behavioral.Processes,aves,European.robin,Erithacus.rubecula,18,7.90,1.27,18,8.56,1.32
5,2.1,Montague.et.al.2013,2013,Behavioral.Ecology,aves,European.robin,Erithacus.rubecula,19,4.83,0.83,19,3.86,0.61
6,2.1,Montague.et.al.2013,2013,Behavioral.Ecology,aves,European.robin,Erithacus.rubecula,19,2.28,0.13,19,2.83,0.26
7,2.1,Montague.et.al.2013,2013,Behavioral.Ecology,aves,European.robin,Erithacus.rubecula,19,8.50,0.04,19,8.43,0.39
8,2.1,Montague.et.al.2013,2013,Behavioral.Ecology,aves,European.robin,Erithacus.rubecula,19,6.20,0.04,19,5.59,0.04
9,2.1,Montague.et.al.2013,2013,Behavioral.Ecology,aves,European.robin,Erithacus.rubecula,19,2.16,0.44,19,1.92,0.44
10,2.1,Montague.et.al.2013,2013,Behavioral.Ecology,aves,European.robin,Erithacus.rubecula,19,6.67,0.96,19,6.12,1.26
11,3.1,McLaughlin.and.Kunc.2013,2013,Biology.Letters,aves,European.robin,Erithacus.rubecula,9,2.17,0.09,9,2.86,0.27
12,3.1,McLaughlin.and.Kunc.2013,2013,Biology.Letters,aves,European.robin,Erithacus.rubecula,9,9.55,1.08,9,6.59,0.82
13,3.1,McLaughlin.and.Kunc.2013,2013,Biology.Letters,aves,European.robin,Erithacus.rubecula,9,2.43,0.42,9,2.03,0.27
15,4.1,Gross.et.al.2010,2010,American.Naturalist,aves,reed.bunting,Emberiza.schoeniclus,20,2.61,0.06,20,2.75,0.09
16,4.1,Gross.et.al.2010,2010,American.Naturalist,aves,reed.bunting,Emberiza.schoeniclus,20,2.43,0.27,20,2.20,0.31
17,4.1,Gross.et.al.2010,2010,American.Naturalist,aves,reed.bunting,Emberiza.schoeniclus,20,1.53,0.36,20,1.25,0.58
18,5.1,Bermudez-Cuamatzin.et.al.2011,2011,Biology.Letters,aves,house.finch,Carpodacus.mexicanus,10,1.53,0.13,10,1.93,0.57
21,6.1,Hanna.et.al.2011,2011,J.Exp.Biol,aves,red.winged.blackbird,Agelaius.phoeniceus,20,0.50,0.10,20,0.50,0.13
22,6.1,Hanna.et.al.2011,2011,J.Exp.Biol,aves,red.winged.blackbird,Agelaius.phoeniceus,20,2459,59.26,20,2468.00,45.19
23,6.1,Hanna.et.al.2011,2011,J.Exp.Biol,aves,red.winged.blackbird,Agelaius.phoeniceus,20,5403,372.00,20,5419.00,379.20
24,6.1,Hanna.et.al.2011,2011,J.Exp.Biol,aves,red.winged.blackbird,Agelaius.phoeniceus,20,3456.2,126.00,20,3339.00,262.59
25,6.1,Hanna.et.al.2011,2011,J.Exp.Biol,aves,red.winged.blackbird,Agelaius.phoeniceus,20,4081.3,355.55,20,3963.80,402.22
26,6.1,Hanna.et.al.2011,2011,J.Exp.Biol,aves,red.winged.blackbird,Agelaius.phoeniceus,20,3214,331.00,20,3165.00,445.00
27,7.1,Potvin.and.Mulder.2013,2013,Behavioral.Ecology,aves,silver.eyes,Zosterops.lateralis,45,2940,172.84,45,2955.00,174.55
28,7.1,Potvin.and.Mulder.2013,2013,Behavioral.Ecology,aves,silver.eyes,Zosterops.lateralis,45,2288,282.36,45,2319.00,277.23
29,7.1,Potvin.and.Mulder.2013,2013,Behavioral.Ecology,aves,silver.eyes,Zosterops.lateralis,45,0.136,0.03,45,0.14,0.03
30,7.1,Potvin.and.Mulder.2013,2013,Behavioral.Ecology,aves,silver.eyes,Zosterops.lateralis,45,53.84,8.45,45,56.01,8.28
38,9.1,Verzijden.et.al.2010,2010,J.Exp.Biol,aves,chiffchaff,Phylloscopus.collybita,11,2.87,0.05,10,3.12,0.02
39,9.1,Verzijden.et.al.2010,2010,J.Exp.Biol,aves,chiffchaff,Phylloscopus.collybita,11,17.24,2.42,10,16.38,1.96
60,14.1,Quinn.et.al.2006,2006,J.Avian.Biology,aves,chaffinch,Fringilla.coelebs,22,66.00,4.69,22,71.00,4.69
61,14.1,Quinn.et.al.2006,2006,J.Avian.Biology,aves,chaffinch,Fringilla.coelebs,22,5.90,1.41,22,5.90,1.41
62,14.1,Quinn.et.al.2006,2006,J.Avian.Biology,aves,chaffinch,Fringilla.coelebs,22,3.00,0.94,22,2.40,0.47
63,14.1,Quinn.et.al.2006,2006,J.Avian.Biology,aves,chaffinch,Fringilla.coelebs,22,0.96,0.28,22,0.80,0.19
87,33.1,Brumm.et.al.2009,2009,Animal.Behaviour,aves,chicken,Gallus.gallus.domesticus,19,61.23,8.804975866,19,75.825,6.207072096
89,33.1,Brumm.et.al.2009,2009,Animal.Behaviour,aves,chicken,Gallus.gallus.domesticus,19,153.58,65.6014291,19,141.14,35.74297134
90,33.1,Brumm.et.al.2009,2009,Animal.Behaviour,aves,chicken,Gallus.gallus.domesticus,21,23.359,13.79813542,21,23.64,21.6068444
96,33.1,Brumm.et.al.2009,2009,Animal.Behaviour,aves,chicken,Gallus.gallus.domesticus,19,23.127,16.68586516,19,12.83,12.86790557
130,15.1,Halfwerk.et.al.2011,2011,PNAS,aves,great.tit,Parus.major,16,0.69,0.21,16,0.06,0.07
131,15.1,Halfwerk.et.al.2011,2011,PNAS,aves,great.tit,Parus.major,16,0.31,0.12,16,0.44,0.16
143,29.1,McClure.et.al.2013,2013,Proc.R.Soc.Lond,aves,NA,NA,3,37.66,5.50,3,23.66,1.52
144,29.2,McClure.et.al.2013,2013,Proc.R.Soc.Lond,aves,American.robin,Turdus.migratorius,3,7.59,3.64,3,1.93,0.42
145,29.3,McClure.et.al.2013,2013,Proc.R.Soc.Lond,aves,ruby.crowned.kinglet,Regulus.calendula,3,3.41,0.75,3,1.80,0.57
146,29.4,McClure.et.al.2013,2013,Proc.R.Soc.Lond,aves,spotted.towhee,Pipilo.maculatus,3,3.08,0.94,3,2.33,0.37
147,29.5,McClure.et.al.2013,2013,Proc.R.Soc.Lond,aves,red.brested.nuthatch,Sitta.canadensis,3,2.74,0.62,3,0.81,0.07
148,29.6,McClure.et.al.2013,2013,Proc.R.Soc.Lond,aves,Cassins.vireo,Vireo.cassinii,3,0.63,0.21,3,0.57,0.30
149,29.7,McClure.et.al.2013,2013,Proc.R.Soc.Lond,aves,western.tanager,Piranga.ludoviciana,3,1.25,0.56,3,0.65,0.10
150,29.8,McClure.et.al.2013,2013,Proc.R.Soc.Lond,aves,chipping.sparrow,Spizella.passerina,3,0.35,0.17,3,0.46,0.19
151,29.9,McClure.et.al.2013,2013,Proc.R.Soc.Lond,aves,mountain.chickadee,Poecile.gambeli,3,0.71,0.43,3,0.50,0.16
152,29.10,McClure.et.al.2013,2013,Proc.R.Soc.Lond,aves,cedar.waxwing,Bombycilla.cedrorum,3,4.04,4.05,3,0.30,0.26
153,29.11,McClure.et.al.2013,2013,Proc.R.Soc.Lond,aves,yellow.warbler,Setophaga.petechia,3,0.51,0.29,3,0.07,0.11
154,29.12,McClure.et.al.2013,2013,Proc.R.Soc.Lond,aves,dusky.flycatcher,Empidonax.oberholseri,3,0.36,0.16,3,0.53,0.46
155,29.13,McClure.et.al.2013,2013,Proc.R.Soc.Lond,aves,Townsends.warbler,Setophaga.townsendi,3,0.32,0.09,3,0.11,0.10
156,30.1,Arroyo-Solis.et.al.2013,2013,J.Avian.Biology,aves,house.sparrow,Passer.domesticus,12,86.78,15.89,12,92.30,17.06
157,30.2,Arroyo-Solis.et.al.2013,2013,J.Avian.Biology,aves,spotless.starling,Sturnus.unicolor,7,11.18,8.16,7,31.12,22.25
158,30.3,Arroyo-Solis.et.al.2013,2013,J.Avian.Biology,aves,collared.dove,Streptopelia.decaocto,11,13.68,6.66,11,16.19,11.87
159,30.4,Arroyo-Solis.et.al.2013,2013,J.Avian.Biology,aves,serin,Serinus.serinus,12,18.64,21.87,12,32.24,41.54
160,30.5,Arroyo-Solis.et.al.2013,2013,J.Avian.Biology,aves,goldfinch,Carduelis.carduelis,12,78.27,30.05,12,69.26,29.29
161,30.6,Arroyo-Solis.et.al.2013,2013,J.Avian.Biology,aves,greenfinch,Chloris.chloris,12,39.22,51.02,12,43.27,60.83
174,34.1,Templeton.et.al.2016,2016,Current.Biology,aves,great.tit,Parus.major,10,5.25,6.33,10,19.14,2.09
175,34.1,Templeton.et.al.2016,2016,Current.Biology,aves,great.tit,Parus.major,10,13.61,9.17,10,90.51,21.65
176,34.1,Templeton.et.al.2016,2016,Current.Biology,aves,great.tit,Parus.major,10,1.74,3.24,10,0.21,2.11
177,34.1,Templeton.et.al.2016,2016,Current.Biology,aves,great.tit,Parus.major,10,6.65,5.80,10,26.49,22.27
194,40.1,Halfwerk.et.al.2012,2012,Funct.Ecol,aves,great.tit,Parus.major,16,39.22,45.54,13,29.82,67.14
195,40.1,Halfwerk.et.al.2012,2012,Funct.Ecol,aves,great.tit,Parus.major,16,64.45,9.72,13,62.30,6.14
196,40.1,Halfwerk.et.al.2012,2012,Funct.Ecol,aves,great.tit,Parus.major,16,13.96,7.92,13,13.96,4.07
197,40.1,Halfwerk.et.al.2012,2012,Funct.Ecol,aves,great.tit,Parus.major,16,19.88,0.81,13,15.41,5.26
198,40.1,Halfwerk.et.al.2012,2012,Funct.Ecol,aves,great.tit,Parus.major,16,20.49,4.89,13,18.05,7.16
204,44.1,Schroeder.et.al.2012,2012,Plos.One,aves,house.sparrow,Passer.domesticus,69,0.17,0.24,69,0.11,0.08
205,45.1,Yorzinski.and.Hermann.2016,2016,PEERJ,aves,Indian.peafowl,Pavo.cristatus,10,125.72,105.62,10,91.59,38.64
206,45.2,Yorzinski.and.Hermann.2016,2016,PEERJ,aves,NA,NA,10,0.26,0.39,10,0.24,0.34
215,48.1,Damsky.and.Gall.2017,2017,Condor,aves,NA,NA,10,0.95,0.61,10,0.23,0.19
216,48.2,Damsky.and.Gall.2017,2017,Condor,aves,White-breasted.Nuthatch,Sitta.carolinensis,10,3.04,1.64,10,3.35,2.54
217,48.3,Damsky.and.Gall.2017,2017,Condor,aves,Tufted.Titmouse,Baeolophus.bicolor,10,17.89,9.98,10,9.31,5.43
218,48.4,Damsky.and.Gall.2017,2017,Condor,aves,Black-capped.Chickadee,Poecile.atricapilla,10,17.25,9.85,10,16.05,9.09
219,49.1,Meillere.et.al.2015,2015,Biology.Letters,aves,house.sparrow,Passer.domesticus,16,-0.22,0.63,21,0.10,2.39
220,49.1,Meillere.et.al.2015,2015,Biology.Letters,aves,house.sparrow,Passer.domesticus,16,0.46,1.74,21,0.16,0.46
221,49.1,Meillere.et.al.2015,2015,Biology.Letters,aves,house.sparrow,Passer.domesticus,14,4.64,3.89,21,4.94,3.87
222,49.1,Meillere.et.al.2015,2015,Biology.Letters,aves,house.sparrow,Passer.domesticus,16,1.19,0.20,21,1.04,0.17
223,50.1,Hardman.et.al.2017,2017,J.Exp.Biol,aves,canary,Serinus.canaria,7,3.31,2.01,7,5.29,1.40
254,61.1,Crino.et.al.2013,2013,J.Exp.Biol,aves,mountain.white-crowned.sparrow,Zonotrichia.leucophrys,7,12.308,5.37,5,21.28,5.27
255,61.1,Crino.et.al.2013,2013,J.Exp.Biol,aves,mountain.white-crowned.sparrow,Zonotrichia.leucophrys,7,0.57686,0.39,5,0.53,0.35
256,62.1,des.Aunay.et.al.2013,2013,Animal.Behaviour,aves,domestic.canary,Serinus.canaria,13,13.92,14.92,13,9.4805,11.39
257,63.1,McIntyre.et.al.2014,2014,Animal.Behaviour,aves,tree.swallow,Tachycineta.bicolor,18,4.4121,25.84,15,29.82,31.28
258,63.1,McIntyre.et.al.2014,2014,Animal.Behaviour,aves,tree.swallow,Tachycineta.bicolor,18,1.21,0.64,15,1.42,1.90
261,65.1,Yang.and.Slabbekoorn.2014,2014,Behavioral.Processes,aves,Eurasian.wren,Troglodytes.troglodytes,10,4.94,0.62,10,4.75,0.46
262,65.1,Yang.and.Slabbekoorn.2014,2014,Behavioral.Processes,aves,Eurasian.wren,Troglodytes.troglodytes,10,7.91,1.92,10,7.86,1.38
263,65.1,Yang.and.Slabbekoorn.2014,2014,Behavioral.Processes,aves,Eurasian.wren,Troglodytes.troglodytes,10,4.75,0.67,10,4.81,0.46
264,65.1,Yang.and.Slabbekoorn.2014,2014,Behavioral.Processes,aves,Eurasian.wren,Troglodytes.troglodytes,10,2.7,0.14,10,2.83,0.15
275,70.1,Potvin.and.MacDougall-Shackleton.2015,2015,Animal.Behaviour,aves,zebra.finch,Taeniopygia.guttata,10,586,53.00,10,469.00,162.00
276,70.1,Potvin.and.MacDougall-Shackleton.2015,2015,Animal.Behaviour,aves,zebra.finch,Taeniopygia.guttata,10,18172,1831.00,10,18904.00,1306.00
277,70.1,Potvin.and.MacDougall-Shackleton.2015,2015,Animal.Behaviour,aves,zebra.finch,Taeniopygia.guttata,10,4283,1226.00,10,4233.00,822.00
278,70.1,Potvin.and.MacDougall-Shackleton.2015,2015,Animal.Behaviour,aves,zebra.finch,Taeniopygia.guttata,10,17587,1837.00,10,18434.00,1378.00
279,70.1,Potvin.and.MacDougall-Shackleton.2015,2015,Animal.Behaviour,aves,zebra.finch,Taeniopygia.guttata,10,111.6,8.70,10,113.40,7.90
280,70.1,Potvin.and.MacDougall-Shackleton.2015,2015,Animal.Behaviour,aves,zebra.finch,Taeniopygia.guttata,10,71.4,8.20,10,73.20,7.20
281,70.1,Potvin.and.MacDougall-Shackleton.2015,2015,Animal.Behaviour,aves,zebra.finch,Taeniopygia.guttata,10,97.7,9.00,10,100.80,7.20
282,70.1,Potvin.and.MacDougall-Shackleton.2015,2015,Animal.Behaviour,aves,zebra.finch,Taeniopygia.guttata,10,0.625,0.19,10,0.60,0.20
283,70.1,Potvin.and.MacDougall-Shackleton.2015,2015,Animal.Behaviour,aves,zebra.finch,Taeniopygia.guttata,10,4.46,2.16,10,4.80,1.85
284,70.1,Potvin.and.MacDougall-Shackleton.2015,2015,Animal.Behaviour,aves,zebra.finch,Taeniopygia.guttata,10,4.5044,2.16,10,3.69,0.92
291,73.1,Potvin.et.al.2015,2015,J.Exp.Zool.A,aves,zebra.finch,Taeniopygia.guttata,10,1.5933,0.84,10,2.20,0.77
292,73.1,Potvin.et.al.2015,2015,J.Exp.Zool.A,aves,zebra.finch,Taeniopygia.guttata,10,0.713,1.05,10,2.58,2.81
293,73.1,Potvin.et.al.2015,2015,J.Exp.Zool.A,aves,zebra.finch,Taeniopygia.guttata,10,9.896,1.00,10,8.64,1.11
294,73.1,Potvin.et.al.2015,2015,J.Exp.Zool.A,aves,zebra.finch,Taeniopygia.guttata,10,0.5998,0.51,10,0.45,0.44
295,73.1,Potvin.et.al.2015,2015,J.Exp.Zool.A,aves,zebra.finch,Taeniopygia.guttata,10,4.54122,2.74,10,3.68,0.92
296,74.1,Leonard.et.al.2015,2015,Animal.Behaviour,aves,tree.swallow,Tachycineta.bicolor,11,4.46,0.42,10,3.69,0.40
297,74.1,Leonard.et.al.2015,2015,Animal.Behaviour,aves,tree.swallow,Tachycineta.bicolor,11,14.9,6.10,10,15.50,6.26
298,74.1,Leonard.et.al.2015,2015,Animal.Behaviour,aves,tree.swallow,Tachycineta.bicolor,11,1.45,0.67,10,1.01,0.64
299,74.1,Leonard.et.al.2015,2015,Animal.Behaviour,aves,tree.swallow,Tachycineta.bicolor,11,2.24,0.74,10,3.02,0.68
300,74.1,Leonard.et.al.2015,2015,Animal.Behaviour,aves,tree.swallow,Tachycineta.bicolor,11,2.47,0.34,10,2.69,0.32
301,74.1,Leonard.et.al.2015,2015,Animal.Behaviour,aves,tree.swallow,Tachycineta.bicolor,11,2.85,0.94,10,3.13,0.86
302,74.1,Leonard.et.al.2015,2015,Animal.Behaviour,aves,tree.swallow,Tachycineta.bicolor,11,87,21.56,10,114.00,27.83
303,74.1,Leonard.et.al.2015,2015,Animal.Behaviour,aves,tree.swallow,Tachycineta.bicolor,11,77,3.32,10,80.00,3.16
304,74.1,Leonard.et.al.2015,2015,Animal.Behaviour,aves,tree.swallow,Tachycineta.bicolor,11,1.5,0.18,10,1.47,0.22
305,74.1,Leonard.et.al.2015,2015,Animal.Behaviour,aves,tree.swallow,Tachycineta.bicolor,11,32,9.95,10,36.00,8.22
306,74.1,Leonard.et.al.2015,2015,Animal.Behaviour,aves,tree.swallow,Tachycineta.bicolor,11,60,3.65,10,63.00,2.53
307,74.1,Leonard.et.al.2015,2015,Animal.Behaviour,aves,tree.swallow,Tachycineta.bicolor,11,4.7,0.52,10,5.31,0.43
308,74.1,Leonard.et.al.2015,2015,Animal.Behaviour,aves,tree.swallow,Tachycineta.bicolor,11,14.182,5.09,10,11.68,4.09
309,74.1,Leonard.et.al.2015,2015,Animal.Behaviour,aves,tree.swallow,Tachycineta.bicolor,11,2.701,0.37,10,2.97,0.36
310,74.1,Leonard.et.al.2015,2015,Animal.Behaviour,aves,tree.swallow,Tachycineta.bicolor,11,2.454,0.44,10,2.62,0.31
311,74.1,Leonard.et.al.2015,2015,Animal.Behaviour,aves,tree.swallow,Tachycineta.bicolor,11,3.5139,1.36,10,3.00,0.77
312,74.1,Leonard.et.al.2015,2015,Animal.Behaviour,aves,tree.swallow,Tachycineta.bicolor,11,4.9,1.45,10,4.31,1.07
319,76.1,Angelier.et.al.2016,2016,Gen.Comp.Endocrin.,aves,house.sparrow,Passer.domesticus,92,6.224,1.07,40,6.32,1.05
320,76.1,Angelier.et.al.2016,2016,Gen.Comp.Endocrin.,aves,house.sparrow,Passer.domesticus,92,3.557,0.55,40,3.59,0.31
321,76.1,Angelier.et.al.2016,2016,Gen.Comp.Endocrin.,aves,house.sparrow,Passer.domesticus,92,8.404,0.96,40,8.61,0.77
322,76.1,Angelier.et.al.2016,2016,Gen.Comp.Endocrin.,aves,house.sparrow,Passer.domesticus,92,8.932,4.27,40,9.08,1.90
323,76.1,Angelier.et.al.2016,2016,Gen.Comp.Endocrin.,aves,house.sparrow,Passer.domesticus,57,3.1552,1.89,20,2.89,1.44
324,76.1,Angelier.et.al.2016,2016,Gen.Comp.Endocrin.,aves,house.sparrow,Passer.domesticus,53,0.25,0.07,20,0.25,0.04
325,76.1,Angelier.et.al.2016,2016,Gen.Comp.Endocrin.,aves,house.sparrow,Passer.domesticus,48,0.504,0.14,11,0.43,1.26
332,78.1,Lucass.et.al.2016,2016,Environmental.Pollution,aves,blue.tit,Cyanistes.caeruleus,9,0.62,0.12,9,0.54,0.12
333,78.1,Lucass.et.al.2016,2016,Environmental.Pollution,aves,blue.tit,Cyanistes.caeruleus,9,0.76,0.60,9,2.49,1.50
334,78.1,Lucass.et.al.2016,2016,Environmental.Pollution,aves,blue.tit,Cyanistes.caeruleus,9,17.02,4.68,9,17.41,4.26
335,78.1,Lucass.et.al.2016,2016,Environmental.Pollution,aves,blue.tit,Cyanistes.caeruleus,9,10.41,1.89,9,12.06,2.34
352,82.1,Meillere.et.al.2014,2014,Behavioral.Ecology,aves,house.sparrow,Passer.domesticus,46,2.8,0.50,21,9.41,1.46
353,82.1,Meillere.et.al.2014,2014,Behavioral.Ecology,aves,house.sparrow,Passer.domesticus,14,2.64,0.82,7,11.64,2.56
354,82.1,Meillere.et.al.2014,2014,Behavioral.Ecology,aves,house.sparrow,Passer.domesticus,14,2.9812,0.57,7,7.21,0.57
362,87.1,Naguib.et.al.2013,2013,Animal.Behaviour,aves,great.tit,Parus.major,11,29.036,5.50,13,23.32,7.93
363,87.1,Naguib.et.al.2013,2013,Animal.Behaviour,aves,great.tit,Parus.major,11,53.6,14.92,13,46.20,14.42
367,91.1,Rios-Chelen.et.al.2018,2018,Urban.Ecosyst,aves,vermilion.flycatcher,Pyrocephalus.rubinus,12,3531.416667,142.6059149,12,3539.916667,148.0494133
368,91.1,Rios-Chelen.et.al.2018,2018,Urban.Ecosyst,aves,vermilion.flycatcher,Pyrocephalus.rubinus,12,2.835,0.147062139,12,2.760833333,0.185543836
395,95.1,Gentry.et.al.2018,2018,Ecosphere,aves,Nuttall's.white-crowned.sparrow,Zonotrichia.leucophrys,17,2945.1,248.2109587,17,2940.4,228.8323622
396,95.1,Gentry.et.al.2018,2018,Ecosphere,aves,Nuttall's.white-crowned.sparrow,Zonotrichia.leucophrys,17,6093.1,415.6090471,17,6083.7,426.3291217
397,95.1,Gentry.et.al.2018,2018,Ecosphere,aves,Nuttall's.white-crowned.sparrow,Zonotrichia.leucophrys,17,3148,489.8249483,17,3139.4,477.4556314
398,95.1,Gentry.et.al.2018,2018,Ecosphere,aves,Nuttall's.white-crowned.sparrow,Zonotrichia.leucophrys,17,1.3,0.412310563,17,1.3,0.412310563
399,95.1,Gentry.et.al.2018,2018,Ecosphere,aves,Nuttall's.white-crowned.sparrow,Zonotrichia.leucophrys,17,4104.7,304.2851952,17,4105.5,304.2851952
400,95.1,Gentry.et.al.2018,2018,Ecosphere,aves,Nuttall's.white-crowned.sparrow,Zonotrichia.leucophrys,20,2749.7,224.0540113,20,2734.7,226.2900793
401,95.1,Gentry.et.al.2018,2018,Ecosphere,aves,Nuttall's.white-crowned.sparrow,Zonotrichia.leucophrys,20,6080.2,410.5420807,20,5987.6,393.9951776
402,95.1,Gentry.et.al.2018,2018,Ecosphere,aves,Nuttall's.white-crowned.sparrow,Zonotrichia.leucophrys,20,3332.7,338.5406918,20,3234.1,298.2914682
403,95.1,Gentry.et.al.2018,2018,Ecosphere,aves,Nuttall's.white-crowned.sparrow,Zonotrichia.leucophrys,20,1.3,0,20,1.3,0
404,95.1,Gentry.et.al.2018,2018,Ecosphere,aves,Nuttall's.white-crowned.sparrow,Zonotrichia.leucophrys,20,4134,345.6961093,20,4179,378.3427018
482,99.1,Dorado-Correa.et.al.2018,2018,Frontiers.in.Zoology,aves,zebra.finch,Taeniopygia.guttata,109,1.4,0.55,95,1.46,0.53
497,103.1,LaZerte.et.al.2017,2017,Urban.Ecosyst,aves,mountain.chickadee,Poecile.gambeli,18,3927.6,85.27707781,18,3960.1,88.24692629
514,109.1,Ware.et.al.2015,2015,PNAS,aves,white-crowned.sparrow,Zonotrichia.leucophrys,20,0.79,0.268328157,20,0.65,0.223606798
515,109.1,Ware.et.al.2015,2015,PNAS,aves,white-crowned.sparrow,Zonotrichia.leucophrys,20,0.41,0.134164079,20,0.5,0.178885438
516,109.1,Ware.et.al.2015,2015,PNAS,aves,white-crowned.sparrow,Zonotrichia.leucophrys,20,159.25,125.2198067,20,228,150.7109817
55,12.1,McLaughlin.and.Kunc.2015,2015,Behavioral.Processes,fish,convict.cichlid,Amatitlania.nigrofasciata,15,0.66,0.39,15,0.90,0.00
56,12.1,McLaughlin.and.Kunc.2015,2015,Behavioral.Processes,fish,convict.cichlid,Amatitlania.nigrofasciata,15,0.03,3.33,15,0.00,0.00
70,17.1,Simpson.et.al.2015,2015,Global.Change.Biology,fish,European.eel,Anguilla.anguilla,19,0.27,0.22,9,0.48,0.15
71,17.1,Simpson.et.al.2015,2015,Global.Change.Biology,fish,European.eel,Anguilla.anguilla,30,33.88,23.67,30,17.40,12.12
72,17.1,Simpson.et.al.2015,2015,Global.Change.Biology,fish,European.eel,Anguilla.anguilla,24,0.00,1.72,24,-2.98,1.62
73,17.1,Simpson.et.al.2015,2015,Global.Change.Biology,fish,European.eel,Anguilla.anguilla,12,107.75,19.02,12,125.44,14.41
74,17.1,Simpson.et.al.2015,2015,Global.Change.Biology,fish,European.eel,Anguilla.anguilla,24,-0.27,0.98,24,4.06,1.45
75,18.1,Simpson.et.al.2016,2016,Nature.Communications,fish,Ambon.damselﬁsh ,Pomacentrus.amboinensis,9,35.11,2.52,9,22.88,31.94
76,18.1,Simpson.et.al.2016,2016,Nature.Communications,fish,Ambon.damselﬁsh ,Pomacentrus.amboinensis,29,16.04,3.70,29,21.51,3.93
77,18.1,Simpson.et.al.2016,2016,Nature.Communications,fish,Ambon.damselﬁsh ,Pomacentrus.amboinensis,19,16.97,3.79,19,22.47,3.05
79,18.1,Simpson.et.al.2016,2016,Nature.Communications,fish,Ambon.damselﬁsh ,Pomacentrus.amboinensis,28,212.41,35.29,18,259.68,40.26
80,18.1,Simpson.et.al.2016,2016,Nature.Communications,fish,Ambon.damselﬁsh ,Pomacentrus.amboinensis,28,2.56,1.48,18,4.17,1.10
81,18.2,Simpson.et.al.2016,2016,Nature.Communications,fish,dusky.dottyback ,Pseudochromis.fuscus,18,4.40,4.73,18,1.17,0.68
82,18.2,Simpson.et.al.2016,2016,Nature.Communications,fish,dusky.dottyback ,Pseudochromis.fuscus,18,12.08,8.96,18,2.61,1.11
83,18.2,Simpson.et.al.2016,2016,Nature.Communications,fish,dusky.dottyback ,Pseudochromis.fuscus,10,1.07,0.61,10,3.09,0.81
84,18.2,Simpson.et.al.2016,2016,Nature.Communications,fish,dusky.dottyback ,Pseudochromis.fuscus,10,0.84,0.67,10,2.09,0.81
97,22.1,Voellmy.et.al.2014_b,2014,Plos.One,fish,three.spined.stickleback,Gasterosteus.aculeatus,27,0.42,0.14,31,0.33,0.14
99,22.2,Voellmy.et.al.2014_b,2014,Plos.One,fish,European.minnow ,Phoxinus.phoxinus,15,0.43,0.17,12,0.44,0.15
100,23.1,Voellmy.et.al.2014_a,2014,Animal.Behaviour,fish,three.spined.stickleback,Gasterosteus.aculeatus,14,0.90,0.11,15,0.82,0.19
101,23.1,Voellmy.et.al.2014_a,2014,Animal.Behaviour,fish,three.spined.stickleback,Gasterosteus.aculeatus,14,17.25,3.22,15,18.22,4.68
102,23.1,Voellmy.et.al.2014_a,2014,Animal.Behaviour,fish,three.spined.stickleback,Gasterosteus.aculeatus,14,3.01,2.95,15,5.24,3.87
103,23.2,Voellmy.et.al.2014_a,2014,Animal.Behaviour,fish,European.minnow ,Phoxinus.phoxinus,14,0.86,0.19,14,0.62,0.32
104,23.2,Voellmy.et.al.2014_a,2014,Animal.Behaviour,fish,European.minnow ,Phoxinus.phoxinus,14,19.061,4.74,14,13.407,9.05
105,23.2,Voellmy.et.al.2014_a,2014,Animal.Behaviour,fish,European.minnow ,Phoxinus.phoxinus,14,2.21,2.71,14,1.42,1.89
106,23.1,Voellmy.et.al.2014_a,2014,Animal.Behaviour,fish,three.spined.stickleback,Gasterosteus.aculeatus,14,1.14,2.23,15,2.07,1.83
107,23.2,Voellmy.et.al.2014_a,2014,Animal.Behaviour,fish,European.minnow ,Phoxinus.phoxinus,14,2.08,1.30,14,5.41,2.45
110,23.2,Voellmy.et.al.2014_a,2014,Animal.Behaviour,fish,European.minnow ,Phoxinus.phoxinus,14,4.27,4.67,14,7.99,5.57
168,32.1,Purser.andRadford.2011,2011,Plos.One,fish,three.spined.stickleback,Gasterosteus.aculeatus,24,1.81,1.96,24,6.00,4.61
169,32.1,Purser.andRadford.2011,2011,Plos.One,fish,three.spined.stickleback,Gasterosteus.aculeatus,24,16.70,5.29,24,15.80,4.12
170,32.1,Purser.andRadford.2011,2011,Plos.One,fish,three.spined.stickleback,Gasterosteus.aculeatus,24,0.10,0.35,24,0.27,0.12
171,32.1,Purser.andRadford.2011,2011,Plos.One,fish,three.spined.stickleback,Gasterosteus.aculeatus,24,0.01,0.03,24,0.09,0.07
172,32.1,Purser.andRadford.2011,2011,Plos.One,fish,three.spined.stickleback,Gasterosteus.aculeatus,24,0.88,0.07,24,0.62,0.31
182,35.1,Brunjtes.and.Radford2013,2013,Animal.Behaviour,fish,daffodil.cichlid,Neolamprologus.pulcher,11,80.25,104.45,11,145.23,135.77
183,35.1,Brunjtes.and.Radford2013,2013,Animal.Behaviour,fish,daffodil.cichlid,Neolamprologus.pulcher,10,56.42,53.91,10,38.02,37.29
184,35.1,Brunjtes.and.Radford2013,2013,Animal.Behaviour,fish,daffodil.cichlid,Neolamprologus.pulcher,15,125.85,76.06,15,98.64,69.98
185,35.1,Brunjtes.and.Radford2013,2013,Animal.Behaviour,fish,daffodil.cichlid,Neolamprologus.pulcher,11,215.33,115.62,11,199.91,76.48
186,36.1,Radford.et.al.2016,2016,Global.Change.Biology,fish,European.seabass,Dicentrarchus.labrax,90,-4.03,16.79,90,9.4,25.80
187,36.1,Radford.et.al.2016,2016,Global.Change.Biology,fish,European.seabass,Dicentrarchus.labrax,90,2.84,20.97,90,9.39,16.32
188,36.1,Radford.et.al.2016,2016,Global.Change.Biology,fish,European.seabass,Dicentrarchus.labrax,90,0.98,19.07,90,8.34,18.88
189,36.1,Radford.et.al.2016,2016,Global.Change.Biology,fish,European.seabass,Dicentrarchus.labrax,90,1.48,19.26,90,3.19,19.35
202,43.1,Smith.et.al.2004,2004,J.Exp.Biol,fish,goldfish,Carassius.auratus,6,51.45,133.54,6,54.53,8.39
203,43.1,Smith.et.al.2004,2004,J.Exp.Biol,fish,goldfish,Carassius.auratus,6,51.45,133.54,6,59.52,9.94
207,46.1,Nedelec.et.al.2015,2015,Proc.R.Soc.Lond,fish,Atlantic.cod,Gadus.morhua,52,3.54,35.98,52,9.98,88.88
208,46.1,Nedelec.et.al.2015,2015,Proc.R.Soc.Lond,fish,Atlantic.cod,Gadus.morhua,17,8.67,13.75,17,6.41,8.02
209,46.1,Nedelec.et.al.2015,2015,Proc.R.Soc.Lond,fish,Atlantic.cod,Gadus.morhua,19,0.50,0.05,19,0.54,0.35
210,46.1,Nedelec.et.al.2015,2015,Proc.R.Soc.Lond,fish,Atlantic.cod,Gadus.morhua,19,0.53,0.20,19,0.52,0.03
211,46.1,Nedelec.et.al.2015,2015,Proc.R.Soc.Lond,fish,Atlantic.cod,Gadus.morhua,19,0.57,0.01,19,0.54,0.10
212,47.1,Wysocki.et.al.2006,2006,Biological.Conservation,fish,European.perch,Perca.fluviatilis,7,0.14,0.05,7,0.28,0.12
213,47.2,Wysocki.et.al.2006,2006,Biological.Conservation,fish,common.carp,Cyprinus.carpio,6,0.22,0.13,6,0.35,0.11
214,47.3,Wysocki.et.al.2006,2006,Biological.Conservation,fish,gudgeon,Gobio.gobio,7,0.35,0.25,7,0.86,0.88
224,51.1,Magnhagen.et.al.2017,2017,MEPS,fish,common.roach,Rutilus.rutilus,36,1.24,1.77,36,0.03,0.12
225,51.2,Magnhagen.et.al.2017,2017,MEPS,fish,Eurasian.perch,Perca.fluviatilis,36,0.00,0.00,36,0.00,0.00
226,51.1,Magnhagen.et.al.2017,2017,MEPS,fish,common.roach,Rutilus.rutilus,36,94.71,247.42,36,245.62,239.28
227,51.2,Magnhagen.et.al.2017,2017,MEPS,fish,Eurasian.perch,Perca.fluviatilis,36,300.00,0.00,36,298.19,10.86
228,51.1,Magnhagen.et.al.2017,2017,MEPS,fish,common.roach,Rutilus.rutilus,36,68.94,128.57,36,4.19,27.90
229,51.2,Magnhagen.et.al.2017,2017,MEPS,fish,Eurasian.perch,Perca.fluviatilis,36,0.00,0.00,36,0.00,0.00
249,97.1,Codarin.et.al.2009,2009,Mar.Poll.Bulletin,fish,brown.meagre,Sciena.umbra,7,97.937,7.257295846,7,120.62,4.76235236
250,59.1,Nedelec.et.al.2016,2016,Environmental.Pollution,fish,domino.damsel,Dascyllus.trimaculatus,40,-0.857,17.53,40,3.08,3.08
285,97.2,Codarin.et.al.2009,2009,Mar.Poll.Bulletin,fish,damselfish,Chromis.chromis,7,100.46,4.312574637,7,118.78,9.074926997
286,71.1,Bruintjes.et.al.2016,2016,Roy.Soc.Op.Science,fish,European.eel,Anguilla.anguilla,38,0.44,0.05,16,0.46,0.04
287,71.1,Bruintjes.et.al.2016,2016,Roy.Soc.Op.Science,fish,European.eel,Anguilla.anguilla,78,104.58,15.54,78,112.21,16.87
288,71.2,Bruintjes.et.al.2016,2016,Roy.Soc.Op.Science,fish,European.seabass,Dicentrarchus.labrax,20,127.96,21.60,18,134.99,16.04
289,71.2,Bruintjes.et.al.2016,2016,Roy.Soc.Op.Science,fish,European.seabass,Dicentrarchus.labrax,18,118.1,18.96,18,127.76,22.06
313,75.1,Sabet.et.al.2016,2016,Animal.Behaviour,fish,zebra.fish,Danio.rerio,28,0.138,2.76,28,2.66,2.84
314,75.2,Sabet.et.al.2016,2016,Animal.Behaviour,fish,Lake.Victorica.Cichlid,Haplochromis.piceatus,30,0.107,3.25,30,0.04,4.39
315,75.1,Sabet.et.al.2016,2016,Animal.Behaviour,fish,zebra.fish,Danio.rerio,28,7.281,5.68,28,6.53,4.88
316,75.2,Sabet.et.al.2016,2016,Animal.Behaviour,fish,Lake.Victorica.Cichlid,Haplochromis.piceatus,30,2.024,2.56,30,0.88,0.99
317,75.1,Sabet.et.al.2016,2016,Animal.Behaviour,fish,zebra.fish,Danio.rerio,28,43.318,47.96,28,41.32,49.58
318,75.2,Sabet.et.al.2016,2016,Animal.Behaviour,fish,Lake.Victorica.Cichlid,Haplochromis.piceatus,30,57.296,37.86,30,76.65,32.81
336,79.1,Celi.et.al.2016,2016,Fish.Phys.Biochem,fish,gilthead.sea.bream,Sparus.aurata,10,114.4,64.38,10,119.25,70.55
337,79.1,Celi.et.al.2016,2016,Fish.Phys.Biochem,fish,gilthead.sea.bream,Sparus.aurata,10,75.97,83.20,10,69.67,53.32
338,79.1,Celi.et.al.2016,2016,Fish.Phys.Biochem,fish,gilthead.sea.bream,Sparus.aurata,10,42.45,32.00,10,33.30,45.32
339,79.1,Celi.et.al.2016,2016,Fish.Phys.Biochem,fish,gilthead.sea.bream,Sparus.aurata,10,0.58,0.44,10,0.57,0.32
340,79.1,Celi.et.al.2016,2016,Fish.Phys.Biochem,fish,gilthead.sea.bream,Sparus.aurata,10,27.8,13.34,10,27.75,8.57
341,79.1,Celi.et.al.2016,2016,Fish.Phys.Biochem,fish,gilthead.sea.bream,Sparus.aurata,10,155.3,90.41,10,134.15,95.44
342,79.1,Celi.et.al.2016,2016,Fish.Phys.Biochem,fish,gilthead.sea.bream,Sparus.aurata,10,1.43,0.32,10,1.43,0.60
343,79.1,Celi.et.al.2016,2016,Fish.Phys.Biochem,fish,gilthead.sea.bream,Sparus.aurata,10,215.4,127.12,10,198.95,111.03
344,79.1,Celi.et.al.2016,2016,Fish.Phys.Biochem,fish,gilthead.sea.bream,Sparus.aurata,10,182.7,192.65,10,200.65,247.89
345,79.1,Celi.et.al.2016,2016,Fish.Phys.Biochem,fish,gilthead.sea.bream,Sparus.aurata,10,323.6,66.76,10,311.90,68.43
359,84.1,Nichols.et.at.al.2015,2015,Plos.One,fish,giant.kelpfish,Heterostichus.rostratus,6,2400,1560.32,6,1803.00,1327.62
360,85.1,Crovo.et.al.2015,2015,Plos.One,fish,blacktail.shiner,Cyprinella.venusta,6,5.708,2.72,6,8.06,6.01
364,89.1,Wei.et.al.2018,2018,Gen.Comp.Endocrin.,fish,milkfish,Chanos.chanos,40,94.4,6.9,40,95.6,1.9
365,90.1,Ferrari.et.al.2018,2018,Proc.R.Soc.Lond,fish,Ambon.damselﬁsh ,Pomacentrus.amboinensis,32,1.01,0.622253967,32,2.46,0.45254834
366,90.1,Ferrari.et.al.2018,2018,Proc.R.Soc.Lond,fish,Ambon.damselﬁsh ,Pomacentrus.amboinensis,32,3.19,#REF!,32,5.20,#REF!
391,93.1,Nedelec.et.al.2017,2017,Proc.R.Soc.Lond,fish,spiny.chromis.damselfish,Acanthochromis.polyacanthus,19,0.6634,0.4098,17,1.1958,0.7162
392,93.1,Nedelec.et.al.2017,2017,Proc.R.Soc.Lond,fish,spiny.chromis.damselfish,Acanthochromis.polyacanthus,19,74.774,15.4815,17,50.916,22.1904
393,93.1,Nedelec.et.al.2017,2017,Proc.R.Soc.Lond,fish,spiny.chromis.damselfish,Acanthochromis.polyacanthus,19,0.0025,0.004,17,0,0.00104
394,94.1,Poulton.et.al.2018,2018,ICES.J.Mar.Sci,fish,European.seabass,Dicentrarchus.labrax,23,-2.8567,3.453957863,23,6.1422,7.501160086
498,104.1,Picciulin.et.al.2010,2010,J.Exp.Mari.Biol.Ecol.,fish,red-mouthed.goby,Gobius.cruentatus,10,6.3354,13.35714461,10,60,51.45974436
499,104.2,Picciulin.et.al.2010,2010,J.Exp.Mari.Biol.Ecol.,fish,red-mouthed.goby,Gobius.cruentatus,10,21.863,57.74635235,10,42.857,75.8156069
500,104.1,Picciulin.et.al.2010,2010,J.Exp.Mari.Biol.Ecol.,fish,red-mouthed.goby,Gobius.cruentatus,10,259.56,64.32072761,10,212.59,76.55874215
501,104.2,Picciulin.et.al.2010,2010,J.Exp.Mari.Biol.Ecol.,fish,red-mouthed.goby,Gobius.cruentatus,10,293.95,105.6516966,10,237.77,102.8372695
502,104.3,Picciulin.et.al.2010,2010,J.Exp.Mari.Biol.Ecol.,fish,damselfish,Chromis.chromis,10,247.07,25.58282627,10,223.81,30.6740933
503,104.3,Picciulin.et.al.2010,2010,J.Exp.Mari.Biol.Ecol.,fish,damselfish,Chromis.chromis,10,209.24,95.53240811,10,156.93,90.4095183
511,108.1,Vasconcelos.et.al.2007,2007,J.Exp.Biol,fish,Lusitanian.toadfish,Halobatrachus.didactylus,9,76.77,7.59,6,112.65,5.094938665
512,108.1,Vasconcelos.et.al.2007,2007,J.Exp.Biol,fish,Lusitanian.toadfish,Halobatrachus.didactylus,9,92.59,3.48,6,114.73,2.449489743
513,108.1,Vasconcelos.et.al.2007,2007,J.Exp.Biol,fish,Lusitanian.toadfish,Halobatrachus.didactylus,9,98.29,2.31,6,114.44,5.168423357
14,25.1,Archana.and.Namasivayam.2000,2000,Indian.J.Physiol.Pharmacol.,mammalia,brown.rat,Rattus.norvegicus,15,38.8,4.7,15,98.9,4.6
19,25.1,Archana.and.Namasivayam.2000,2000,Indian.J.Physiol.Pharmacol.,mammalia,brown.rat,Rattus.norvegicus,15,4.5,0.2,15,2.5,0.3
20,25.1,Archana.and.Namasivayam.2000,2000,Indian.J.Physiol.Pharmacol.,mammalia,brown.rat,Rattus.norvegicus,15,0.9,0.008,15,1.7,0.2
57,25.1,Archana.and.Namasivayam.2000,2000,Indian.J.Physiol.Pharmacol.,mammalia,brown.rat,Rattus.norvegicus,15,0.21,0.001,15,0.2,0.001
58,25.1,Archana.and.Namasivayam.2000,2000,Indian.J.Physiol.Pharmacol.,mammalia,brown.rat,Rattus.norvegicus,15,0.2,0.002,15,0.19,0.002
68,25.1,Archana.and.Namasivayam.2000,2000,Indian.J.Physiol.Pharmacol.,mammalia,brown.rat,Rattus.norvegicus,15,1.4,0.5,15,0.1,0.3
69,25.1,Archana.and.Namasivayam.2000,2000,Indian.J.Physiol.Pharmacol.,mammalia,brown.rat,Rattus.norvegicus,15,0.87,0.06,15,0.9,0.06
78,25.1,Archana.and.Namasivayam.2000,2000,Indian.J.Physiol.Pharmacol.,mammalia,brown.rat,Rattus.norvegicus,15,4.7,0.3,15,2.4,0.5
85,25.1,Archana.and.Namasivayam.2000,2000,Indian.J.Physiol.Pharmacol.,mammalia,brown.rat,Rattus.norvegicus,15,4.2,0.3,15,7.4,0.7
127,26.1,Shannon.et.al.2016,2016,Behavioral.Ecology,mammalia,black.tailed.prairie.dog,Cynomys.ludovicianus,31,36.82,8.24,31,40.71,7.56
128,26.1,Shannon.et.al.2016,2016,Behavioral.Ecology,mammalia,black.tailed.prairie.dog,Cynomys.ludovicianus,31,31.35,7.91,31,36.87,8.46
129,26.1,Shannon.et.al.2016,2016,Behavioral.Ecology,mammalia,black.tailed.prairie.dog,Cynomys.ludovicianus,31,5.44,2.90,31,3.75,2.22
132,27.1,Shannon.et.al.2014,2014,Animal.Behaviour,mammalia,black.tailed.prairie.dog,Cynomys.ludovicianus,20,19.00,1.79,20,15.00,1.12
190,37.1,Kern.and.Radford.2016,2016,Environmental.Pollution,mammalia,dwarf.mongoose,Helogale.parvula,8,5.1,2.38,8,7.43,3.14
191,37.1,Kern.and.Radford.2016,2016,Environmental.Pollution,mammalia,dwarf.mongoose,Helogale.parvula,8,11.69,6.96,8,31.78,22.15
233,53.1,Schaub.et.al.2008,2008,J.Exp.Biol,mammalia,greater.mouse.eared.bat,Myotis.myotis,7,48.59,4.93,7,38.50,6.11
234,53.1,Schaub.et.al.2008,2008,J.Exp.Biol,mammalia,greater.mouse.eared.bat,Myotis.myotis,7,48.41,6.08,7,40.82,4.73
235,53.1,Schaub.et.al.2008,2008,J.Exp.Biol,mammalia,greater.mouse.eared.bat,Myotis.myotis,7,46.32,4.53,7,35.21,7.25
236,53.1,Schaub.et.al.2008,2008,J.Exp.Biol,mammalia,greater.mouse.eared.bat,Myotis.myotis,7,46.228,7.19,7,29.83,6.03
241,56.1,Siemers.and.Schaub.2011,2011,Proc.R.Soc.Lond,mammalia,greater.mouse.eared.bat,Myotis.myotis,8,99.192,0.57,8,54.55,14.29
242,56.1,Siemers.and.Schaub.2011,2011,Proc.R.Soc.Lond,mammalia,greater.mouse.eared.bat,Myotis.myotis,8,5.1841,0.82,8,24.66,2.88
251,60.1,Shier.et.al.2012,2012,Biological.Conservation,mammalia,Stephens.kangaroo.rat,Dipodomys.stephensi,20,0.046225,0.06,13,0.11,0.07
252,60.1,Shier.et.al.2012,2012,Biological.Conservation,mammalia,Stephens.kangaroo.rat,Dipodomys.stephensi,20,0.23761,0.09,13,0.26,0.15
253,60.1,Shier.et.al.2012,2012,Biological.Conservation,mammalia,Stephens.kangaroo.rat,Dipodomys.stephensi,20,0.004629,0.04,13,0.03,0.01
259,64.1,Luo.et.al.2014,2014,J.Exp.Biol,mammalia,greater.mouse.eared.bat,Myotis.myotis,8,0.86982,2.01,15,1.10,2.41
260,64.1,Luo.et.al.2014,2014,J.Exp.Biol,mammalia,greater.mouse.eared.bat,Myotis.myotis,8,0.72498,16.95,15,10.63,22.84
355,83.1,Bunkley.and.Barber.2015,2015,Ethology,mammalia,pallid.bat,Antrozous.pallidus,6,3.8209,2.41,6,6.73,2.41
356,83.1,Bunkley.and.Barber.2015,2015,Ethology,mammalia,pallid.bat,Antrozous.pallidus,6,3.8209,2.41,6,8.61,2.60
357,83.1,Bunkley.and.Barber.2015,2015,Ethology,mammalia,pallid.bat,Antrozous.pallidus,6,5.264,1.20,6,13.69,3.71
358,83.1,Bunkley.and.Barber.2015,2015,Ethology,mammalia,pallid.bat,Antrozous.pallidus,6,5.264,1.20,6,12.02,3.08
408,39.1,Morris-Drake.et.al.2017,2017,Environmental.Pollution,mammalia,dwarf.mongoose,Helogale.parvula,14,0.0274,0.075581479,14,0.1896,0.136570495
409,39.1,Morris-Drake.et.al.2017,2017,Environmental.Pollution,mammalia,dwarf.mongoose,Helogale.parvula,14,0.9733,1.99580005,14,2.8488,1.99580005
483,100.1,Dunlop.et.al.2017,2017,Proc.R.Soc.Lond,mammalia,humpback.whale,Megaptera.novaeangliae,34,250.99,94.82760448,34,213.28,75.65485155
484,100.1,Dunlop.et.al.2017,2017,Proc.R.Soc.Lond,mammalia,humpback.whale,Megaptera.novaeangliae,34,4.2112,2.798273814,34,3.6997,2.393022658
485,100.1,Dunlop.et.al.2017,2017,Proc.R.Soc.Lond,mammalia,humpback.whale,Megaptera.novaeangliae,34,15.363,13.68757648,34,31.768,2.587193356
486,100.1,Dunlop.et.al.2017,2017,Proc.R.Soc.Lond,mammalia,humpback.whale,Megaptera.novaeangliae,34,4,1.571441536,34,2.9689,1.560362727
504,105.1,Shankar.et.al.1999,1999,Indian.J.Physiol.Pharmacol,mammalia,laboratory.rat,Rattus.norvegicus,10,0.82,0.32,10,9.04,1.06
506,107.1,Uran.et.al.2012,2012,Brain.Research,mammalia,laboratory.rat,Rattus.norvegicus,7,227.75,46.59168059,7,212.77,35.58535513
507,107.1,Uran.et.al.2012,2012,Brain.Research,mammalia,laboratory.rat,Rattus.norvegicus,7,68.083,6.78106061,7,54.331,15.69988828
508,107.1,Uran.et.al.2012,2012,Brain.Research,mammalia,laboratory.rat,Rattus.norvegicus,4,30.133,1.796,4,36.369,2.148
509,107.1,Uran.et.al.2012,2012,Brain.Research,mammalia,laboratory.rat,Rattus.norvegicus,4,20.364,0.862,4,22.697,41.26
510,107.1,Uran.et.al.2012,2012,Brain.Research,mammalia,laboratory.rat,Rattus.norvegicus,4,71.977,2.156,4,83.086,4.08
517,110.1,Zheng.et.al.2014,2014,Anatomical.Record,mammalia,laboratory.rat,Rattus.norvegicus,8,14.62,0.056568542,8,14.33,0.056568542
518,110.1,Zheng.et.al.2014,2014,Anatomical.Record,mammalia,laboratory.rat,Rattus.norvegicus,8,9.98,0.282842712,8,9.54,0.282842712
519,110.1,Zheng.et.al.2014,2014,Anatomical.Record,mammalia,laboratory.rat,Rattus.norvegicus,8,504.9,37.16553242,8,299.7,13.85929291
520,110.1,Zheng.et.al.2014,2014,Anatomical.Record,mammalia,laboratory.rat,Rattus.norvegicus,8,632.51,103.3507271,8,758.97,148.2378656
521,110.1,Zheng.et.al.2014,2014,Anatomical.Record,mammalia,laboratory.rat,Rattus.norvegicus,8,12.51,0.650538239,8,11.78,0.509116882
522,110.1,Zheng.et.al.2014,2014,Anatomical.Record,mammalia,laboratory.rat,Rattus.norvegicus,4,1.0566,0.1578,4,0.17928,0.09084
523,110.1,Zheng.et.al.2014,2014,Anatomical.Record,mammalia,laboratory.rat,Rattus.norvegicus,8,0.41949,0.063922453,8,0.15325,0.035949309
524,110.1,Zheng.et.al.2014,2014,Anatomical.Record,mammalia,laboratory.rat,Rattus.norvegicus,8,0.82616,0.187298444,8,0.35596,0.304395327
40,10.1,Kunc.et.al.2014,2014,American.Naturalist,mollusca,common.cuttlefish,Sepia.officinalis,30,0.20,0.60,30,2.04,2.36
41,10.1,Kunc.et.al.2014,2014,American.Naturalist,mollusca,common.cuttlefish,Sepia.officinalis,30,7.04,16.16,30,40.84,50.20
42,10.1,Kunc.et.al.2014,2014,American.Naturalist,mollusca,common.cuttlefish,Sepia.officinalis,30,0.10,0.33,30,3.06,2.36
93,21.1,Nedelec.et.al.2014,2014,Scientific.Reports,mollusca,sea.hare,Stylocheilus.striatus,13,45.02,29.08,13,56.09,30.12
94,21.1,Nedelec.et.al.2014,2014,Scientific.Reports,mollusca,sea.hare,Stylocheilus.striatus,13,79.28,34.19,13,75.87,40.24
95,21.1,Nedelec.et.al.2014,2014,Scientific.Reports,mollusca,sea.hare,Stylocheilus.striatus,11,14.65,22.41,11,46.40,43.47
118,81.1,Charifi.et.al.2018,2018,Plos.One,mollusca,Pacific.oyster,Magallana.gigas,14,323,230,14,132.56,53.179
119,81.1,Charifi.et.al.2018,2018,Plos.One,mollusca,Pacific.oyster,Magallana.gigas,14,42.848,22.382,14,31.321,13.109
120,81.1,Charifi.et.al.2018,2018,Plos.One,mollusca,Pacific.oyster,Magallana.gigas,14,1.082320515,0.16551614,14,0.941970484,0.156028997
121,81.1,Charifi.et.al.2018,2018,Plos.One,mollusca,Pacific.oyster,Magallana.gigas,14,1.264149539,0.196909595,14,1.179151139,0.236586873
122,81.1,Charifi.et.al.2018,2018,Plos.One,mollusca,Pacific.oyster,Magallana.gigas,14,1.383350985,0.370936383,14,1.377215047,0.208547391
123,81.1,Charifi.et.al.2018,2018,Plos.One,mollusca,Pacific.oyster,Magallana.gigas,14,6.291968414,1.981693079,14,4.572574736,0.726812412
124,81.1,Charifi.et.al.2018,2018,Plos.One,mollusca,Pacific.oyster,Magallana.gigas,14,1.400753994,0.247262697,14,1.294237196,0.118828244
125,81.1,Charifi.et.al.2018,2018,Plos.One,mollusca,Pacific.oyster,Magallana.gigas,14,2.06797149,0.317233645,14,1.480689236,0.231750895
126,81.1,Charifi.et.al.2018,2018,Plos.One,mollusca,Pacific.oyster,Magallana.gigas,14,2.212043731,0.285072113,14,1.638660675,0.201065959
133,81.1,Charifi.et.al.2018,2018,Plos.One,mollusca,Pacific.oyster,Magallana.gigas,14,1.381719786,0.225408148,14,1.681342091,0.236107686
134,81.1,Charifi.et.al.2018,2018,Plos.One,mollusca,Pacific.oyster,Magallana.gigas,14,1.193711112,0.096380591,14,1.397460011,0.109366004
135,81.1,Charifi.et.al.2018,2018,Plos.One,mollusca,Pacific.oyster,Magallana.gigas,14,1.201509717,0.085188812,14,1.19715197,0.081045837
136,81.1,Charifi.et.al.2018,2018,Plos.One,mollusca,Pacific.oyster,Magallana.gigas,14,1.168039168,0.150810167,14,1.280400435,0.074310725
173,81.1,Charifi.et.al.2018,2018,Plos.One,mollusca,Pacific.oyster,Magallana.gigas,14,1.530536647,0.328120306,14,0.972750402,0.219977464
178,81.1,Charifi.et.al.2018,2018,Plos.One,mollusca,Pacific.oyster,Magallana.gigas,14,0.569718517,0.166652904,14,0.804859016,0.158889054
179,81.1,Charifi.et.al.2018,2018,Plos.One,mollusca,Pacific.oyster,Magallana.gigas,14,0.915375732,0.102026273,14,1.026264534,0.131056972
180,81.1,Charifi.et.al.2018,2018,Plos.One,mollusca,Pacific.oyster,Magallana.gigas,14,26.98414916,4.230020969,14,20.20153566,1.872721503
181,81.1,Charifi.et.al.2018,2018,Plos.One,mollusca,Pacific.oyster,Magallana.gigas,14,2.497944541,1.148829248,14,0.482130748,0.127328541
192,38.1,Sole.et.al.2017,2017,Scientific.Reports,mollusca,common.cuttlefish,Sepia.officinalis,9,94.23,14.04,9,34.955,4.87
193,81.1,Charifi.et.al.2018,2018,Plos.One,mollusca,Pacific.oyster,Magallana.gigas,14,11.52049607,6.174218185,14,8.644035077,4.479486486
201,42.1,deSoto.et.al.2013,2013,Scientific.Reports,mollusca,New.Zealand.scallop,Pecten.novaezelandiae,800,41.39,39.15,800,16.77,90.31
247,81.1,Charifi.et.al.2018,2018,Plos.One,mollusca,Pacific.oyster,Magallana.gigas,14,1.234254841,0.093599955,14,1.160631643,0.130178906
248,81.1,Charifi.et.al.2018,2018,Plos.One,mollusca,Pacific.oyster,Magallana.gigas,14,1.187033274,0.262902947,14,1.174759483,0.125818468
361,86.1,Peng.et.al.2016,2016,Scientific.Reports,mollusca,razor.clam,Sinonovacula.constricta,40,8.63,2.37,40,10.40,2.28
230,52.1,Mancera.et.al.2017,2017,Animal.Welfare,reptilia,Common.blue-tongued.skink,Tiliqua.scincoides,9,1.86,1.56,9,15.16,1.17
231,52.1,Mancera.et.al.2017,2017,Animal.Welfare,reptilia,Common.blue-tongued.skink,Tiliqua.scincoides,9,24.31,17.70,9,3.22,3.51
232,52.1,Mancera.et.al.2017,2017,Animal.Welfare,reptilia,Common.blue-tongued.skink,Tiliqua.scincoides,9,98.28,28.50,9,64.20,48.30